"team_whole_name","team","year","team_g","team_w","team_l","team_divs","team_playoffs","team_games_over_500","team_pnnts","team_ws","team_hof","team_r","team_ab","team_h","team_hr","team_ra","team_w_l_percent","team_ba","team_era"
"Arizona Diamondbacks","ARI","2011",162,94,68,1,1,26,0,0,1,731,5421,1357,172,662,0.498,0.258,4.28
"Arizona Diamondbacks","ARI","2012",162,81,81,0,0,0,0,0,0,734,5462,1416,165,688,0.498,0.258,4.26
"Arizona Diamondbacks","ARI","2013",162,81,81,0,0,0,0,0,0,685,5676,1468,130,695,0.498,0.258,4.23
"Arizona Diamondbacks","ARI","2014",162,64,98,0,0,-34,0,0,0,615,5552,1379,118,742,0.492,0.258,4.23
"Arizona Diamondbacks","ARI","2015",162,79,83,0,0,-4,0,0,1,720,5649,1494,154,713,0.492,0.258,4.22
"Arizona Diamondbacks","ARI","2016",162,69,93,0,0,-24,0,0,0,752,5665,1479,190,890,0.488,0.258,4.27
"Arizona Diamondbacks","ARI","2017",162,93,69,0,1,24,0,0,0,812,5525,1405,220,659,0.493,0.258,4.23
"Arizona Diamondbacks","ARI","2018",162,82,80,0,0,2,0,0,0,693,5460,1283,176,644,0.493,0.257,4.21
"Arizona Diamondbacks","ARI","2019",162,85,77,0,0,8,0,0,0,813,5633,1419,220,743,0.495,0.257,4.21
"Arizona Diamondbacks","ARI","2020",60,25,35,0,0,-10,0,0,0,269,1997,482,58,295,0.493,0.257,4.22
"Arizona Diamondbacks","ARI","2021",162,52,110,0,0,-58,0,0,0,679,5489,1297,144,893,0.486,0.256,4.26
"Arizona Diamondbacks","ARI","2022",162,74,88,0,0,-14,0,0,0,702,5351,1232,173,740,0.485,0.255,4.26
"Arizona Diamondbacks","ARI","2023",162,84,78,0,1,6,1,0,0,746,5436,1359,166,761,0.486,0.254,4.27
"Arizona Diamondbacks","ARI","2024",162,89,73,0,0,16,0,0,0,886,5522,1452,211,788,0.489,0.255,4.28
"Arizona Diamondbacks","ARI","2025",162,80,82,0,0,-2,0,0,0,791,5480,1377,214,785,0.489,0.255,4.29
"Atlanta Braves","ATL","2011",162,89,73,0,0,16,0,0,0,641,5528,1345,173,605,0.5,0.26,3.65
"Atlanta Braves","ATL","2012",162,94,68,0,1,26,0,0,0,700,5425,1341,149,600,0.501,0.26,3.65
"Atlanta Braves","ATL","2013",162,96,66,1,1,30,0,0,1,696,5441,1354,181,568,0.502,0.26,3.64
"Atlanta Braves","ATL","2014",161,79,83,0,0,-4,0,0,4,573,5470,1316,123,597,0.501,0.26,3.64
"Atlanta Braves","ATL","2015",162,67,95,0,0,-28,0,0,1,573,5420,1361,100,760,0.501,0.26,3.64
"Atlanta Braves","ATL","2016",161,68,93,0,0,-25,0,0,0,649,5514,1404,122,779,0.5,0.26,3.65
"Atlanta Braves","ATL","2017",163,72,90,0,0,-18,0,0,0,732,5584,1467,165,821,0.5,0.26,3.66
"Atlanta Braves","ATL","2018",162,90,72,1,1,18,0,0,1,759,5582,1433,175,657,0.5,0.26,3.66
"Atlanta Braves","ATL","2019",162,97,65,1,1,32,0,0,0,855,5560,1432,249,743,0.501,0.26,3.66
"Atlanta Braves","ATL","2020",60,35,25,1,1,10,0,0,1,348,2074,556,103,288,0.501,0.26,3.67
"Atlanta Braves","ATL","2021",161,88,73,1,1,15,1,1,0,790,5363,1307,239,656,0.501,0.26,3.67
"Atlanta Braves","ATL","2022",162,101,61,1,1,40,0,0,1,789,5509,1394,243,609,0.502,0.26,3.67
"Atlanta Braves","ATL","2023",162,104,58,1,1,46,0,0,0,947,5597,1543,307,716,0.503,0.26,3.67
"Atlanta Braves","ATL","2024",162,89,73,0,1,16,0,0,0,704,5481,1333,213,607,0.504,0.26,3.67
"Atlanta Braves","ATL","2025",162,76,86,0,0,-10,0,0,1,724,5508,1349,190,734,0.503,0.26,3.67
"Baltimore Orioles","BAL","2011",162,69,93,0,0,-24,0,0,1,708,5585,1434,191,860,0.474,0.259,4.01
"Baltimore Orioles","BAL","2012",162,93,69,0,1,24,0,0,0,712,5560,1375,214,705,0.475,0.259,4.01
"Baltimore Orioles","BAL","2013",162,85,77,0,0,8,0,0,0,750,5634,1474,212,735,0.475,0.259,4.01
"Baltimore Orioles","BAL","2014",162,96,66,1,1,30,0,0,0,705,5596,1434,211,593,0.476,0.259,4
"Baltimore Orioles","BAL","2015",162,81,81,0,0,0,0,0,0,713,5485,1370,217,693,0.476,0.259,4
"Baltimore Orioles","BAL","2016",162,89,73,0,1,16,0,0,0,744,5524,1413,253,715,0.477,0.259,4
"Baltimore Orioles","BAL","2017",162,75,87,0,0,-12,0,0,1,743,5650,1469,232,841,0.477,0.259,4.01
"Baltimore Orioles","BAL","2018",162,47,115,0,0,-68,0,0,2,622,5507,1317,188,892,0.475,0.259,4.02
"Baltimore Orioles","BAL","2019",162,54,108,0,0,-54,0,0,3,729,5596,1379,213,981,0.474,0.259,4.04
"Baltimore Orioles","BAL","2020",60,25,35,0,0,-10,0,0,0,274,2026,523,77,294,0.474,0.259,4.04
"Baltimore Orioles","BAL","2021",162,52,110,0,0,-58,0,0,0,659,5420,1296,195,956,0.473,0.258,4.05
"Baltimore Orioles","BAL","2022",162,83,79,0,0,4,0,0,0,674,5429,1281,171,688,0.473,0.258,4.05
"Baltimore Orioles","BAL","2023",162,101,61,1,1,40,0,0,0,807,5495,1399,183,678,0.474,0.258,4.05
"Baltimore Orioles","BAL","2024",162,91,71,0,1,20,0,0,0,786,5567,1391,235,699,0.475,0.258,4.05
"Baltimore Orioles","BAL","2025",162,75,87,0,0,-12,0,0,0,677,5416,1273,191,788,0.475,0.258,4.05
"Boston Red Sox","BOS","2011",162,90,72,0,0,18,0,0,0,875,5710,1600,203,737,0.518,0.267,3.89
"Boston Red Sox","BOS","2012",162,69,93,0,0,-24,0,0,0,734,5604,1459,165,806,0.517,0.267,3.9
"Boston Red Sox","BOS","2013",162,97,65,1,1,32,0,0,0,861,5669,1573,178,657,0.517,0.267,3.9
"Boston Red Sox","BOS","2014",162,71,91,0,0,-20,1,1,0,634,5551,1355,123,715,0.517,0.267,3.9
"Boston Red Sox","BOS","2015",162,78,84,0,0,-6,0,0,2,748,5640,1495,161,753,0.516,0.267,3.9
"Boston Red Sox","BOS","2016",162,93,69,1,1,24,0,0,0,878,5670,1598,208,694,0.517,0.267,3.9
"Boston Red Sox","BOS","2017",162,93,69,1,1,24,0,0,0,785,5669,1461,168,668,0.517,0.267,3.9
"Boston Red Sox","BOS","2018",162,108,54,1,1,54,1,1,0,876,5623,1509,208,647,0.519,0.267,3.9
"Boston Red Sox","BOS","2019",162,84,78,0,0,6,0,0,1,901,5770,1554,245,828,0.519,0.267,3.91
"Boston Red Sox","BOS","2020",60,24,36,0,0,-12,0,0,0,292,2083,552,81,351,0.518,0.267,3.91
"Boston Red Sox","BOS","2021",162,92,70,0,1,22,0,0,0,829,5495,1434,219,749,0.519,0.267,3.91
"Boston Red Sox","BOS","2022",162,78,84,0,0,-6,0,0,1,735,5539,1427,155,787,0.518,0.267,3.92
"Boston Red Sox","BOS","2023",162,78,84,0,0,-6,0,0,0,772,5562,1437,182,776,0.518,0.267,3.92
"Boston Red Sox","BOS","2024",162,81,81,0,0,0,0,0,1,751,5577,1404,194,747,0.518,0.267,3.92
"Boston Red Sox","BOS","2025",162,89,73,0,1,16,0,0,1,786,5562,1414,186,676,0.518,0.267,3.92
"Chicago Cubs","CHC","2011",162,71,91,0,0,-20,0,0,1,654,5549,1423,148,756,0.513,0.264,3.67
"Chicago Cubs","CHC","2012",162,61,101,0,0,-40,0,0,0,613,5411,1297,137,759,0.512,0.263,3.68
"Chicago Cubs","CHC","2013",162,66,96,0,0,-30,0,0,1,612,5496,1307,172,695,0.511,0.263,3.68
"Chicago Cubs","CHC","2014",158,73,89,0,0,-16,0,0,2,614,5508,1315,157,707,0.511,0.263,3.68
"Chicago Cubs","CHC","2015",162,97,65,0,1,32,0,0,0,689,5491,1341,171,608,0.512,0.263,3.68
"Chicago Cubs","CHC","2016",162,103,58,1,1,45,1,1,0,808,5503,1409,199,556,0.513,0.263,3.68
"Chicago Cubs","CHC","2017",166,92,70,1,1,22,0,0,0,822,5496,1402,223,695,0.513,0.263,3.68
"Chicago Cubs","CHC","2018",163,95,68,0,1,27,0,0,0,761,5624,1453,167,645,0.513,0.263,3.68
"Chicago Cubs","CHC","2019",162,84,78,0,0,6,0,0,1,814,5461,1378,256,717,0.514,0.263,3.68
"Chicago Cubs","CHC","2020",60,34,26,1,1,8,0,0,0,265,1918,422,74,240,0.514,0.262,3.68
"Chicago Cubs","CHC","2021",162,71,91,0,0,-20,0,0,0,705,5306,1255,210,839,0.513,0.262,3.69
"Chicago Cubs","CHC","2022",162,74,88,0,0,-14,0,0,1,657,5425,1293,159,731,0.513,0.262,3.69
"Chicago Cubs","CHC","2023",162,83,79,0,0,4,0,0,0,819,5504,1399,196,723,0.513,0.262,3.7
"Chicago Cubs","CHC","2024",162,83,79,0,0,4,0,0,0,736,5441,1318,170,669,0.513,0.262,3.7
"Chicago Cubs","CHC","2025",162,92,70,0,1,22,0,0,0,793,5495,1371,223,649,0.513,0.262,3.7
"Chicago White Sox","CHW","2011",162,79,83,0,0,-4,0,0,2,654,5502,1387,154,706,0.506,0.261,3.74
"Chicago White Sox","CHW","2012",162,85,77,0,0,8,0,0,0,748,5518,1409,211,676,0.506,0.261,3.75
"Chicago White Sox","CHW","2013",162,63,99,0,0,-36,0,0,0,609,5611,1389,148,732,0.505,0.261,3.74
"Chicago White Sox","CHW","2014",162,73,89,0,0,-16,0,0,1,660,5543,1400,155,758,0.505,0.261,3.75
"Chicago White Sox","CHW","2015",162,76,86,0,0,-10,0,0,0,622,5533,1381,136,701,0.504,0.261,3.75
"Chicago White Sox","CHW","2016",162,78,84,0,0,-6,0,0,1,686,5550,1428,168,715,0.504,0.261,3.75
"Chicago White Sox","CHW","2017",162,67,95,0,0,-28,0,0,1,706,5513,1412,186,820,0.503,0.26,3.76
"Chicago White Sox","CHW","2018",162,62,100,0,0,-38,0,0,1,656,5523,1332,182,848,0.502,0.26,3.77
"Chicago White Sox","CHW","2019",161,72,89,0,0,-17,0,0,1,708,5529,1443,182,832,0.502,0.26,3.78
"Chicago White Sox","CHW","2020",60,35,25,0,1,10,0,0,0,306,2047,534,96,246,0.502,0.26,3.78
"Chicago White Sox","CHW","2021",162,93,69,1,1,24,0,0,0,796,5357,1373,190,636,0.503,0.26,3.78
"Chicago White Sox","CHW","2022",162,81,81,0,0,0,0,0,2,686,5611,1435,149,717,0.503,0.26,3.78
"Chicago White Sox","CHW","2023",162,61,101,0,0,-40,0,0,0,641,5501,1308,171,841,0.502,0.26,3.79
"Chicago White Sox","CHW","2024",162,41,121,0,0,-80,0,0,0,507,5383,1187,133,813,0.5,0.26,3.8
"Chicago White Sox","CHW","2025",162,60,102,0,0,-42,0,0,1,647,5377,1250,165,742,0.498,0.26,3.8
"Cincinnati Reds","CIN","2011",162,79,83,0,0,-4,0,0,0,735,5612,1438,183,720,0.507,0.262,3.72
"Cincinnati Reds","CIN","2012",162,97,65,1,1,32,0,0,1,669,5477,1377,172,588,0.508,0.262,3.72
"Cincinnati Reds","CIN","2013",162,90,72,0,1,18,0,0,0,707,5499,1370,155,598,0.509,0.262,3.71
"Cincinnati Reds","CIN","2014",159,76,86,0,0,-10,0,0,0,595,5395,1282,131,612,0.508,0.262,3.71
"Cincinnati Reds","CIN","2015",162,64,98,0,0,-34,0,0,0,640,5571,1382,167,754,0.507,0.262,3.72
"Cincinnati Reds","CIN","2016",162,68,94,0,0,-26,0,0,1,716,5487,1403,164,854,0.507,0.262,3.72
"Cincinnati Reds","CIN","2017",165,68,94,0,0,-26,0,0,0,753,5484,1390,219,869,0.506,0.261,3.74
"Cincinnati Reds","CIN","2018",162,67,95,0,0,-28,0,0,0,696,5532,1404,172,819,0.505,0.261,3.74
"Cincinnati Reds","CIN","2019",162,75,87,0,0,-12,0,0,1,701,5450,1328,227,711,0.505,0.261,3.75
"Cincinnati Reds","CIN","2020",60,31,29,0,1,2,0,0,0,243,1842,390,90,243,0.505,0.261,3.75
"Cincinnati Reds","CIN","2021",162,83,79,0,0,4,0,0,0,786,5423,1352,222,760,0.505,0.261,3.75
"Cincinnati Reds","CIN","2022",162,62,100,0,0,-38,0,0,0,648,5380,1264,156,815,0.504,0.261,3.76
"Cincinnati Reds","CIN","2023",162,82,80,0,0,2,0,0,1,783,5499,1371,198,821,0.504,0.261,3.77
"Cincinnati Reds","CIN","2024",162,77,85,0,0,-8,0,0,0,699,5325,1230,174,694,0.504,0.261,3.77
"Cincinnati Reds","CIN","2025",162,83,79,0,1,4,0,0,1,716,5448,1333,167,681,0.504,0.26,3.77
"Cleveland Guardians","CLE","2011",162,80,82,0,0,-2,0,0,2,704,5509,1380,154,760,0.509,0.266,3.84
"Cleveland Guardians","CLE","2012",162,68,94,0,0,-26,0,0,0,667,5525,1385,136,845,0.509,0.266,3.84
"Cleveland Guardians","CLE","2013",162,92,70,0,1,22,0,0,0,743,5466,1381,171,685,0.509,0.266,3.84
"Cleveland Guardians","CLE","2014",162,85,77,0,0,8,0,0,0,669,5575,1411,142,653,0.509,0.266,3.84
"Cleveland Guardians","CLE","2015",161,81,80,0,0,1,0,0,0,669,5439,1395,141,640,0.509,0.266,3.84
"Cleveland Guardians","CLE","2016",161,94,67,1,1,27,1,0,0,777,5484,1435,185,676,0.51,0.266,3.84
"Cleveland Guardians","CLE","2017",162,102,60,1,1,42,0,0,1,818,5511,1449,212,564,0.511,0.266,3.83
"Cleveland Guardians","CLE","2018",162,91,71,1,1,20,0,0,1,818,5595,1447,216,648,0.511,0.266,3.83
"Cleveland Guardians","CLE","2019",162,93,69,0,0,24,0,0,1,769,5425,1354,223,657,0.512,0.266,3.83
"Cleveland Guardians","CLE","2020",60,35,25,0,1,10,0,0,0,248,1959,446,59,209,0.512,0.265,3.83
"Cleveland Guardians","CLE","2021",162,80,82,0,0,-2,0,0,0,717,5332,1269,203,727,0.512,0.265,3.83
"Cleveland Guardians","CLE","2022",162,92,70,1,1,22,0,0,1,698,5558,1410,127,634,0.512,0.265,3.83
"Cleveland Guardians","CLE","2023",162,76,86,0,0,-10,0,0,0,662,5513,1379,124,697,0.512,0.265,3.83
"Cleveland Guardians","CLE","2024",161,92,69,1,1,23,0,0,0,708,5310,1263,185,621,0.513,0.265,3.83
"Cleveland Guardians","CLE","2025",162,88,74,1,1,14,0,0,1,643,5310,1199,168,649,0.513,0.264,3.83
"Colorado Rockies","COL","2011",162,73,89,0,0,-16,0,0,0,735,5544,1429,163,774,0.476,0.276,5.03
"Colorado Rockies","COL","2012",162,64,98,0,0,-34,0,0,0,758,5577,1526,166,890,0.472,0.276,5.04
"Colorado Rockies","COL","2013",162,74,88,0,0,-14,0,0,0,706,5599,1511,159,760,0.472,0.276,5
"Colorado Rockies","COL","2014",162,66,96,0,0,-30,0,0,0,755,5612,1551,186,818,0.469,0.276,5
"Colorado Rockies","COL","2015",162,68,94,0,0,-26,0,0,0,737,5572,1479,186,844,0.466,0.275,5
"Colorado Rockies","COL","2016",162,75,87,0,0,-12,0,0,0,845,5614,1544,204,860,0.466,0.275,4.99
"Colorado Rockies","COL","2017",162,87,75,0,1,12,0,0,0,824,5534,1510,192,757,0.469,0.275,4.98
"Colorado Rockies","COL","2018",163,91,72,0,1,19,0,0,0,780,5541,1418,210,745,0.473,0.274,4.95
"Colorado Rockies","COL","2019",162,71,91,0,0,-20,0,0,0,835,5660,1502,224,958,0.471,0.274,4.97
"Colorado Rockies","COL","2020",60,26,34,0,0,-8,0,0,1,275,2057,528,63,353,0.471,0.274,4.98
"Colorado Rockies","COL","2021",161,74,87,0,0,-13,0,0,0,739,5374,1338,182,796,0.47,0.273,4.98
"Colorado Rockies","COL","2022",162,68,94,0,0,-26,0,0,0,698,5540,1408,149,873,0.469,0.272,4.98
"Colorado Rockies","COL","2023",162,59,103,0,0,-44,0,0,0,721,5496,1368,163,957,0.465,0.272,5
"Colorado Rockies","COL","2024",162,61,101,0,0,-40,0,0,1,682,5454,1319,179,929,0.462,0.271,5.02
"Colorado Rockies","COL","2025",162,43,119,0,0,-76,0,0,0,597,5408,1281,160,1021,0.456,0.27,5.05
"Detroit Tigers","DET","2011",162,95,67,1,1,28,0,0,0,787,5563,1540,169,711,0.507,0.265,3.96
"Detroit Tigers","DET","2012",162,88,74,1,1,14,1,0,0,726,5476,1467,163,670,0.507,0.265,3.96
"Detroit Tigers","DET","2013",162,93,69,1,1,24,0,0,0,795,5766,1628,176,646,0.508,0.266,3.95
"Detroit Tigers","DET","2014",162,90,72,1,1,18,0,0,0,757,5630,1557,155,705,0.508,0.266,3.95
"Detroit Tigers","DET","2015",161,74,87,0,0,-13,0,0,0,689,5605,1515,151,803,0.508,0.266,3.96
"Detroit Tigers","DET","2016",161,86,75,0,0,11,0,0,0,750,5526,1476,211,721,0.508,0.266,3.96
"Detroit Tigers","DET","2017",162,64,98,0,0,-34,0,0,3,735,5556,1435,187,894,0.507,0.266,3.98
"Detroit Tigers","DET","2018",162,64,98,0,0,-34,0,0,0,630,5494,1326,135,796,0.506,0.265,3.98
"Detroit Tigers","DET","2019",161,47,114,0,0,-67,0,0,0,582,5549,1333,149,915,0.504,0.265,3.99
"Detroit Tigers","DET","2020",58,23,35,0,0,-12,0,0,0,249,1894,463,62,318,0.504,0.265,4
"Detroit Tigers","DET","2021",162,77,85,0,0,-8,0,0,0,697,5376,1299,179,756,0.504,0.265,4
"Detroit Tigers","DET","2022",162,66,96,0,0,-30,0,0,0,557,5378,1240,110,713,0.503,0.265,4
"Detroit Tigers","DET","2023",162,78,84,0,0,-6,0,0,0,661,5478,1292,165,740,0.503,0.264,4
"Detroit Tigers","DET","2024",162,86,76,0,1,10,0,0,0,682,5442,1273,162,642,0.503,0.264,4
"Detroit Tigers","DET","2025",162,87,75,0,1,12,0,0,0,758,5456,1346,198,691,0.503,0.264,4
"Houston Astros","HOU","2011",162,56,106,0,0,-50,0,0,0,615,5598,1442,95,796,0.495,0.255,3.79
"Houston Astros","HOU","2012",162,55,107,0,0,-52,0,0,0,583,5407,1276,146,794,0.492,0.255,3.8
"Houston Astros","HOU","2013",162,51,111,0,0,-60,0,0,0,610,5457,1307,148,848,0.488,0.254,3.81
"Houston Astros","HOU","2014",162,70,92,0,0,-22,0,0,0,629,5447,1317,163,723,0.487,0.254,3.82
"Houston Astros","HOU","2015",162,86,76,0,1,10,0,0,2,729,5459,1363,230,618,0.488,0.254,3.82
"Houston Astros","HOU","2016",162,84,78,0,0,6,0,0,0,724,5545,1367,198,701,0.489,0.254,3.82
"Houston Astros","HOU","2017",162,101,61,1,1,40,1,1,2,896,5611,1581,238,700,0.491,0.254,3.83
"Houston Astros","HOU","2018",162,103,59,1,1,44,0,0,0,797,5453,1390,205,534,0.494,0.254,3.81
"Houston Astros","HOU","2019",162,107,55,1,1,52,1,0,0,920,5613,1538,288,640,0.496,0.255,3.81
"Houston Astros","HOU","2020",60,29,31,0,1,-2,0,0,0,279,1992,478,69,275,0.496,0.255,3.81
"Houston Astros","HOU","2021",162,95,67,1,1,28,1,0,0,863,5593,1496,221,658,0.498,0.255,3.81
"Houston Astros","HOU","2022",162,106,56,1,1,50,1,1,0,737,5409,1341,214,518,0.501,0.255,3.8
"Houston Astros","HOU","2023",162,90,72,1,1,18,0,0,0,827,5567,1441,222,698,0.501,0.255,3.8
"Houston Astros","HOU","2024",161,88,73,1,1,15,0,0,0,740,5530,1448,190,649,0.502,0.255,3.8
"Houston Astros","HOU","2025",162,87,75,0,0,12,0,0,1,686,5490,1372,182,665,0.503,0.255,3.8
"Kansas City Royals","KC","2011",162,71,91,0,0,-20,0,0,0,730,5672,1560,129,762,0.481,0.265,4.24
"Kansas City Royals","KC","2012",162,72,90,0,0,-18,0,0,0,676,5636,1492,131,746,0.48,0.265,4.25
"Kansas City Royals","KC","2013",162,86,76,0,0,10,0,0,0,648,5549,1443,112,601,0.481,0.265,4.22
"Kansas City Royals","KC","2014",162,89,73,0,1,16,1,0,0,651,5545,1456,95,624,0.482,0.265,4.2
"Kansas City Royals","KC","2015",162,95,67,1,1,28,1,1,0,724,5575,1497,139,641,0.485,0.265,4.19
"Kansas City Royals","KC","2016",162,81,81,0,0,0,0,0,0,675,5552,1450,147,712,0.485,0.265,4.19
"Kansas City Royals","KC","2017",162,80,82,0,0,-2,0,0,0,702,5536,1436,193,791,0.485,0.265,4.2
"Kansas City Royals","KC","2018",162,58,104,0,0,-46,0,0,0,638,5505,1350,155,833,0.483,0.264,4.22
"Kansas City Royals","KC","2019",162,59,103,0,0,-44,0,0,0,691,5496,1356,162,869,0.48,0.264,4.24
"Kansas City Royals","KC","2020",60,26,34,0,0,-8,0,0,0,248,1988,485,68,272,0.48,0.264,4.24
"Kansas City Royals","KC","2021",162,74,88,0,0,-14,0,0,0,686,5427,1349,163,788,0.479,0.264,4.25
"Kansas City Royals","KC","2022",162,65,97,0,0,-32,0,0,0,640,5437,1327,138,810,0.478,0.263,4.25
"Kansas City Royals","KC","2023",162,56,106,0,0,-50,0,0,0,676,5428,1325,163,859,0.475,0.263,4.27
"Kansas City Royals","KC","2024",162,86,76,0,1,10,0,0,0,735,5421,1343,170,644,0.477,0.263,4.26
"Kansas City Royals","KC","2025",162,82,80,0,0,2,0,0,0,651,5431,1342,159,637,0.477,0.262,4.25
"Los Angeles Angels","LAA","2011",162,86,76,0,0,10,0,0,1,667,5513,1394,155,633,0.498,0.258,3.94
"Los Angeles Angels","LAA","2012",162,89,73,0,0,16,0,0,0,767,5536,1518,187,699,0.499,0.258,3.94
"Los Angeles Angels","LAA","2013",162,78,84,0,0,-6,0,0,0,733,5588,1476,164,737,0.499,0.258,3.94
"Los Angeles Angels","LAA","2014",162,98,64,1,1,34,0,0,0,773,5652,1464,155,630,0.501,0.258,3.94
"Los Angeles Angels","LAA","2015",162,85,77,0,0,8,0,0,0,661,5417,1331,176,675,0.501,0.258,3.94
"Los Angeles Angels","LAA","2016",162,74,88,0,0,-14,0,0,0,717,5431,1410,156,727,0.501,0.258,3.94
"Los Angeles Angels","LAA","2017",162,80,82,0,0,-2,0,0,0,710,5415,1314,186,709,0.501,0.258,3.95
"Los Angeles Angels","LAA","2018",162,80,82,0,0,-2,0,0,1,721,5472,1323,214,722,0.5,0.257,3.95
"Los Angeles Angels","LAA","2019",162,72,90,0,0,-18,0,0,1,769,5542,1368,220,868,0.499,0.257,3.97
"Los Angeles Angels","LAA","2020",60,26,34,0,0,-8,0,0,0,294,2020,501,85,321,0.499,0.257,3.98
"Los Angeles Angels","LAA","2021",162,77,85,0,0,-8,0,0,0,723,5437,1331,190,804,0.499,0.257,3.99
"Los Angeles Angels","LAA","2022",162,73,89,0,0,-16,0,0,0,623,5423,1265,190,668,0.498,0.257,3.98
"Los Angeles Angels","LAA","2023",162,73,89,0,0,-16,0,0,0,739,5489,1346,231,829,0.497,0.256,4
"Los Angeles Angels","LAA","2024",162,63,99,0,0,-36,0,0,0,635,5357,1227,165,797,0.495,0.256,4
"Los Angeles Angels","LAA","2025",162,72,90,0,0,-18,0,0,1,673,5374,1209,226,837,0.495,0.256,4.02
"Los Angeles Dodgers","LAD","2011",161,82,79,0,0,3,0,0,0,644,5436,1395,117,612,0.524,0.262,3.54
"Los Angeles Dodgers","LAD","2012",162,86,76,0,0,10,0,0,0,637,5438,1369,116,597,0.524,0.262,3.54
"Los Angeles Dodgers","LAD","2013",162,92,70,1,1,22,0,0,0,654,5491,1446,138,586,0.524,0.262,3.54
"Los Angeles Dodgers","LAD","2014",160,94,68,1,1,26,0,0,1,718,5560,1476,134,617,0.525,0.262,3.53
"Los Angeles Dodgers","LAD","2015",162,92,70,1,1,22,0,0,1,667,5385,1346,187,595,0.525,0.262,3.53
"Los Angeles Dodgers","LAD","2016",162,91,71,1,1,20,0,0,1,725,5518,1376,189,638,0.526,0.262,3.54
"Los Angeles Dodgers","LAD","2017",164,104,58,1,1,46,1,0,0,770,5408,1347,221,580,0.527,0.262,3.53
"Los Angeles Dodgers","LAD","2018",163,92,71,1,1,21,1,0,1,804,5572,1394,235,610,0.527,0.262,3.53
"Los Angeles Dodgers","LAD","2019",162,106,56,1,1,50,0,0,0,886,5493,1414,279,613,0.528,0.262,3.53
"Los Angeles Dodgers","LAD","2020",60,43,17,1,1,26,1,1,0,349,2042,523,118,213,0.528,0.261,3.53
"Los Angeles Dodgers","LAD","2021",162,106,56,0,1,50,0,0,0,830,5445,1330,237,561,0.529,0.261,3.53
"Los Angeles Dodgers","LAD","2022",162,111,51,1,1,60,0,0,2,847,5526,1418,212,513,0.531,0.261,3.52
"Los Angeles Dodgers","LAD","2023",162,100,62,1,1,38,0,0,0,906,5524,1422,249,699,0.531,0.261,3.52
"Los Angeles Dodgers","LAD","2024",162,98,64,1,1,34,1,1,1,842,5522,1423,233,686,0.532,0.261,3.53
"Los Angeles Dodgers","LAD","2025",162,93,69,1,1,24,1,1,1,825,5481,1384,244,683,0.532,0.261,3.53
"Miami Marlins","MIA","2011",162,72,90,0,0,-18,0,0,0,625,5508,1358,149,702,0.477,0.26,4.34
"Miami Marlins","MIA","2012",162,69,93,0,0,-24,0,0,0,609,5437,1327,137,724,0.474,0.259,4.33
"Miami Marlins","MIA","2013",162,62,100,0,0,-38,0,0,0,513,5449,1257,95,646,0.47,0.258,4.29
"Miami Marlins","MIA","2014",162,77,85,0,0,-8,0,0,0,645,5538,1399,122,674,0.47,0.258,4.27
"Miami Marlins","MIA","2015",162,71,91,0,0,-20,0,0,0,613,5463,1420,120,678,0.469,0.258,4.26
"Miami Marlins","MIA","2016",161,79,82,0,0,-3,0,0,1,655,5547,1460,128,682,0.469,0.258,4.25
"Miami Marlins","MIA","2017",162,77,85,0,0,-8,0,0,2,778,5602,1497,194,822,0.47,0.258,4.27
"Miami Marlins","MIA","2018",161,63,98,0,0,-35,0,0,1,589,5488,1303,128,809,0.467,0.258,4.29
"Miami Marlins","MIA","2019",162,57,105,0,0,-48,0,0,0,615,5512,1326,146,808,0.462,0.257,4.31
"Miami Marlins","MIA","2020",60,31,29,0,1,2,0,0,0,263,1935,472,60,304,0.463,0.257,4.31
"Miami Marlins","MIA","2021",162,67,95,0,0,-28,0,0,0,623,5348,1244,158,701,0.461,0.256,4.3
"Miami Marlins","MIA","2022",162,69,93,0,0,-24,0,0,0,586,5395,1241,144,676,0.46,0.255,4.29
"Miami Marlins","MIA","2023",162,84,78,0,1,6,0,0,0,666,5497,1423,166,723,0.462,0.255,4.28
"Miami Marlins","MIA","2024",162,62,100,0,0,-38,0,0,0,637,5522,1347,150,841,0.459,0.255,4.3
"Miami Marlins","MIA","2025",162,79,83,0,0,-4,0,0,1,709,5543,1388,154,798,0.46,0.255,4.31
"Milwaukee Brewers","MIL","2011",162,96,66,1,1,30,0,0,0,721,5447,1422,185,638,0.477,0.259,4.22
"Milwaukee Brewers","MIL","2012",162,83,79,0,0,4,0,0,0,776,5557,1442,202,733,0.478,0.259,4.22
"Milwaukee Brewers","MIL","2013",162,74,88,0,0,-14,0,0,0,640,5474,1381,157,687,0.478,0.259,4.2
"Milwaukee Brewers","MIL","2014",162,82,80,0,0,2,0,0,0,650,5462,1366,150,657,0.478,0.259,4.19
"Milwaukee Brewers","MIL","2015",162,68,94,0,0,-26,0,0,0,655,5480,1378,145,737,0.477,0.259,4.19
"Milwaukee Brewers","MIL","2016",162,73,89,0,0,-16,0,0,0,671,5330,1299,194,733,0.477,0.258,4.19
"Milwaukee Brewers","MIL","2017",162,86,76,0,0,10,0,0,0,732,5467,1363,224,697,0.478,0.258,4.18
"Milwaukee Brewers","MIL","2018",163,96,67,1,1,29,0,0,1,754,5542,1398,218,659,0.48,0.258,4.17
"Milwaukee Brewers","MIL","2019",162,89,73,0,1,16,0,0,0,769,5542,1366,250,766,0.481,0.258,4.18
"Milwaukee Brewers","MIL","2020",60,29,31,0,1,-2,0,0,1,247,1920,429,75,264,0.481,0.257,4.18
"Milwaukee Brewers","MIL","2021",162,95,67,1,1,28,0,0,0,738,5362,1251,194,623,0.483,0.257,4.17
"Milwaukee Brewers","MIL","2022",162,86,76,0,0,10,0,0,0,725,5417,1271,219,688,0.484,0.257,4.16
"Milwaukee Brewers","MIL","2023",162,92,70,1,1,22,0,0,0,728,5386,1290,165,647,0.486,0.256,4.15
"Milwaukee Brewers","MIL","2024",162,93,69,1,1,24,0,0,0,777,5472,1359,177,641,0.487,0.256,4.14
"Milwaukee Brewers","MIL","2025",162,97,65,1,1,32,0,0,2,806,5510,1423,166,634,0.489,0.256,4.13
"Minnesota Twins","MIN","2011",162,63,99,0,0,-36,0,0,1,619,5487,1357,103,804,0.482,0.264,3.95
"Minnesota Twins","MIN","2012",162,66,96,0,0,-30,0,0,0,701,5562,1448,131,832,0.481,0.264,3.96
"Minnesota Twins","MIN","2013",162,66,96,0,0,-30,0,0,0,617,5577,1335,151,798,0.481,0.263,3.96
"Minnesota Twins","MIN","2014",162,70,92,0,0,-22,0,0,0,715,5567,1412,128,777,0.48,0.263,3.97
"Minnesota Twins","MIN","2015",162,83,79,0,0,4,0,0,0,696,5467,1349,156,700,0.48,0.263,3.97
"Minnesota Twins","MIN","2016",162,59,103,0,0,-44,0,0,0,722,5618,1409,200,889,0.479,0.263,3.98
"Minnesota Twins","MIN","2017",162,85,77,0,1,8,0,0,1,815,5557,1444,206,788,0.48,0.263,3.98
"Minnesota Twins","MIN","2018",162,78,84,0,0,-6,0,0,1,738,5526,1379,166,775,0.48,0.263,3.99
"Minnesota Twins","MIN","2019",162,101,61,1,1,40,0,0,0,939,5732,1547,307,754,0.481,0.263,3.99
"Minnesota Twins","MIN","2020",60,36,24,1,1,12,0,0,0,269,1937,468,91,215,0.481,0.263,3.99
"Minnesota Twins","MIN","2021",162,73,89,0,0,-16,0,0,0,729,5431,1311,228,834,0.481,0.263,4
"Minnesota Twins","MIN","2022",162,78,84,0,0,-6,0,0,3,696,5476,1356,178,684,0.481,0.263,4
"Minnesota Twins","MIN","2023",162,87,75,1,1,12,0,0,0,778,5489,1336,233,659,0.482,0.262,3.99
"Minnesota Twins","MIN","2024",162,82,80,0,0,2,0,0,1,742,5490,1352,183,735,0.482,0.262,4
"Minnesota Twins","MIN","2025",162,70,92,0,0,-22,0,0,0,678,5432,1295,191,773,0.481,0.262,4
"New York Mets","NYM","2011",162,77,85,0,0,-8,0,0,1,718,5600,1477,108,742,0.479,0.251,3.77
"New York Mets","NYM","2012",162,74,88,0,0,-14,0,0,0,650,5450,1357,139,709,0.478,0.251,3.77
"New York Mets","NYM","2013",162,74,88,0,0,-14,0,0,0,619,5559,1318,130,684,0.478,0.251,3.77
"New York Mets","NYM","2014",162,79,83,0,0,-4,0,0,2,629,5472,1306,125,618,0.478,0.25,3.76
"New York Mets","NYM","2015",162,90,72,1,1,18,1,0,1,683,5527,1351,177,613,0.48,0.25,3.76
"New York Mets","NYM","2016",162,87,75,0,1,12,0,0,1,671,5459,1342,218,617,0.481,0.25,3.75
"New York Mets","NYM","2017",162,70,92,0,0,-22,0,0,0,735,5510,1379,224,863,0.48,0.25,3.78
"New York Mets","NYM","2018",162,77,85,0,0,-8,0,0,0,676,5468,1282,170,707,0.48,0.25,3.78
"New York Mets","NYM","2019",162,86,76,0,0,10,0,0,0,791,5624,1445,242,737,0.481,0.25,3.79
"New York Mets","NYM","2020",60,26,34,0,0,-8,0,0,0,286,2023,551,86,308,0.48,0.25,3.8
"New York Mets","NYM","2021",162,77,85,0,0,-8,0,0,0,636,5210,1243,176,668,0.48,0.25,3.8
"New York Mets","NYM","2022",162,101,61,0,1,40,0,0,1,772,5489,1422,171,606,0.483,0.25,3.79
"New York Mets","NYM","2023",162,75,87,0,0,-12,0,0,0,717,5363,1276,215,729,0.482,0.25,3.8
"New York Mets","NYM","2024",162,89,73,0,1,16,0,0,0,768,5510,1357,207,697,0.483,0.25,3.8
"New York Mets","NYM","2025",162,83,79,0,0,4,0,0,1,766,5457,1359,224,715,0.484,0.25,3.81
"New York Yankees","NYY","2011",162,97,65,1,1,32,0,0,0,867,5518,1452,222,657,0.568,0.268,3.64
"New York Yankees","NYY","2012",162,95,67,1,1,28,0,0,0,804,5524,1462,245,668,0.568,0.268,3.64
"New York Yankees","NYY","2013",162,85,77,0,0,8,0,0,0,643,5477,1322,144,660,0.568,0.267,3.64
"New York Yankees","NYY","2014",-114,-34,-75,0,0,41,0,0,-4,-842,-3852,-1317,90,-934,0.569,0.267,3.64
"New York Yankees","NYY","2015",162,87,75,0,1,12,0,0,1,764,5567,1397,212,698,0.569,0.267,3.64
"New York Yankees","NYY","2016",162,84,78,0,0,6,0,0,0,680,5458,1378,183,702,0.569,0.267,3.64
"New York Yankees","NYY","2017",162,91,71,0,1,20,0,0,2,858,5594,1463,241,660,0.569,0.267,3.64
"New York Yankees","NYY","2018",162,100,62,0,1,38,0,0,0,851,5515,1374,267,669,0.569,0.266,3.65
"New York Yankees","NYY","2019",162,103,59,1,1,44,0,0,3,943,5583,1493,306,739,0.57,0.266,3.65
"New York Yankees","NYY","2020",60,33,27,0,1,6,0,0,1,315,1915,473,94,270,0.57,0.266,3.65
"New York Yankees","NYY","2021",162,92,70,0,1,22,0,0,0,711,5331,1266,222,669,0.57,0.266,3.65
"New York Yankees","NYY","2022",162,99,63,1,1,36,0,0,1,807,5422,1308,254,567,0.57,0.266,3.65
"New York Yankees","NYY","2023",162,82,80,0,0,2,0,0,0,673,5323,1207,219,698,0.569,0.266,3.65
"New York Yankees","NYY","2024",162,94,68,1,1,26,1,0,0,815,5450,1352,237,668,0.569,0.265,3.66
"New York Yankees","NYY","2025",162,94,68,0,1,26,0,0,2,849,5471,1371,274,685,0.57,0.265,3.66
"Oakland Athletics","OAK","2011",162,74,88,0,0,-14,0,0,0,645,5452,1330,114,679,0.486,0.259,3.99
"Oakland Athletics","OAK","2012",162,94,68,1,1,26,0,0,0,713,5527,1315,195,614,0.486,0.259,3.98
"Oakland Athletics","OAK","2013",162,96,66,1,1,30,0,0,0,785,5521,1405,186,637,0.487,0.259,3.97
"Oakland Athletics","OAK","2014",162,88,74,0,1,14,0,0,2,729,5545,1354,146,572,0.488,0.259,3.97
"Oakland Athletics","OAK","2015",162,68,94,0,0,-26,0,0,0,694,5600,1405,146,729,0.487,0.259,3.97
"Oakland Athletics","OAK","2016",162,69,93,0,0,-24,0,0,1,653,5500,1352,169,761,0.487,0.259,3.97
"Oakland Athletics","OAK","2017",162,75,87,0,0,-12,0,0,1,739,5464,1344,234,826,0.487,0.259,3.98
"Oakland Athletics","OAK","2018",162,97,65,0,1,32,0,0,0,813,5579,1407,227,674,0.488,0.259,3.98
"Oakland Athletics","OAK","2019",162,97,65,0,1,32,0,0,1,845,5561,1384,257,680,0.489,0.259,3.98
"Oakland Athletics","OAK","2020",60,36,24,1,1,12,0,0,0,274,1908,430,71,232,0.489,0.258,3.98
"Oakland Athletics","OAK","2021",162,86,76,0,0,10,0,0,0,743,5395,1284,199,687,0.489,0.258,3.98
"Oakland Athletics","OAK","2022",162,60,102,0,0,-42,0,0,0,568,5314,1147,137,770,0.488,0.258,3.98
"Oakland Athletics","OAK","2023",162,50,112,0,0,-62,0,0,0,585,5311,1187,171,924,0.487,0.258,4
"Oakland Athletics","OAK","2024",162,69,93,0,0,-24,0,0,0,643,5432,1267,196,764,0.486,0.257,4
"Oakland Athletics","OAK","2025",162,76,86,0,0,-10,0,0,2,733,5547,1403,219,817,0.486,0.257,4
"Philadelphia Phillies","PHI","2011",162,102,60,1,1,42,0,0,0,713,5579,1409,153,529,0.473,0.262,3.96
"Philadelphia Phillies","PHI","2012",162,81,81,0,0,0,0,0,0,684,5544,1414,158,680,0.473,0.262,3.96
"Philadelphia Phillies","PHI","2013",162,73,89,0,0,-16,0,0,0,613,5457,1354,140,758,0.473,0.262,3.96
"Philadelphia Phillies","PHI","2014",159,73,89,0,0,-16,0,0,0,619,5603,1356,125,687,0.473,0.261,3.96
"Philadelphia Phillies","PHI","2015",162,63,99,0,0,-36,0,0,1,626,5529,1374,130,809,0.472,0.261,3.97
"Philadelphia Phillies","PHI","2016",162,71,91,0,0,-20,0,0,0,610,5434,1305,161,796,0.472,0.261,3.97
"Philadelphia Phillies","PHI","2017",165,66,96,0,0,-30,0,0,0,690,5534,1382,174,782,0.471,0.261,3.97
"Philadelphia Phillies","PHI","2018",162,80,82,0,0,-2,0,0,1,677,5424,1270,186,728,0.472,0.261,3.98
"Philadelphia Phillies","PHI","2019",162,81,81,0,0,0,0,0,1,774,5571,1369,215,794,0.472,0.261,3.98
"Philadelphia Phillies","PHI","2020",60,28,32,0,0,-4,0,0,0,306,1948,501,82,311,0.472,0.261,3.98
"Philadelphia Phillies","PHI","2021",162,82,80,0,0,2,0,0,0,734,5366,1288,198,745,0.472,0.261,3.99
"Philadelphia Phillies","PHI","2022",162,87,75,0,1,12,1,0,1,747,5496,1392,205,685,0.473,0.26,3.99
"Philadelphia Phillies","PHI","2023",162,90,72,0,1,18,0,0,1,796,5541,1417,220,715,0.473,0.26,3.99
"Philadelphia Phillies","PHI","2024",162,95,67,1,1,28,0,0,0,784,5534,1423,198,671,0.474,0.26,3.99
"Philadelphia Phillies","PHI","2025",162,96,66,1,1,30,0,0,2,778,5517,1426,212,648,0.475,0.26,3.98
"Pittsburgh Pirates","PIT","2011",162,72,90,0,0,-18,0,0,1,610,5421,1325,107,712,0.503,0.265,3.72
"Pittsburgh Pirates","PIT","2012",162,79,83,0,0,-4,0,0,0,651,5412,1313,170,674,0.503,0.265,3.72
"Pittsburgh Pirates","PIT","2013",162,94,68,0,1,26,0,0,2,636,5468,1339,161,583,0.503,0.265,3.71
"Pittsburgh Pirates","PIT","2014",159,88,74,0,1,14,0,0,0,682,5536,1437,156,631,0.504,0.265,3.71
"Pittsburgh Pirates","PIT","2015",162,98,64,0,1,34,0,0,0,697,5631,1462,140,596,0.504,0.265,3.71
"Pittsburgh Pirates","PIT","2016",162,78,83,0,0,-5,0,0,0,729,5542,1426,153,758,0.504,0.265,3.71
"Pittsburgh Pirates","PIT","2017",165,75,87,0,0,-12,0,0,0,668,5458,1331,151,731,0.504,0.264,3.72
"Pittsburgh Pirates","PIT","2018",161,82,79,0,0,3,0,0,0,692,5447,1381,157,693,0.504,0.264,3.72
"Pittsburgh Pirates","PIT","2019",162,69,93,0,0,-24,0,0,0,758,5657,1497,163,911,0.503,0.264,3.73
"Pittsburgh Pirates","PIT","2020",60,19,41,0,0,-22,0,0,0,219,1932,425,59,298,0.503,0.264,3.73
"Pittsburgh Pirates","PIT","2021",162,61,101,0,0,-40,0,0,0,609,5336,1261,124,833,0.502,0.264,3.74
"Pittsburgh Pirates","PIT","2022",162,62,100,0,0,-38,0,0,0,591,5331,1186,158,817,0.501,0.264,3.75
"Pittsburgh Pirates","PIT","2023",162,76,86,0,0,-10,0,0,0,692,5406,1293,159,790,0.501,0.264,3.76
"Pittsburgh Pirates","PIT","2024",162,76,86,0,0,-10,0,0,0,665,5477,1283,160,739,0.5,0.263,3.76
"Pittsburgh Pirates","PIT","2025",162,71,91,0,0,-20,0,0,1,583,5375,1244,117,645,0.5,0.263,3.76
"San Diego Padres","SD","2011",162,71,91,0,0,-20,0,0,1,593,5417,1284,91,611,0.463,0.252,3.94
"San Diego Padres","SD","2012",162,76,86,0,0,-10,0,0,0,651,5422,1339,121,710,0.463,0.251,3.94
"San Diego Padres","SD","2013",162,76,86,0,0,-10,0,0,0,618,5517,1349,146,700,0.464,0.251,3.93
"San Diego Padres","SD","2014",162,77,85,0,0,-8,0,0,1,535,5294,1199,109,577,0.464,0.251,3.92
"San Diego Padres","SD","2015",162,74,88,0,0,-14,0,0,0,650,5457,1324,148,731,0.464,0.251,3.92
"San Diego Padres","SD","2016",162,68,94,0,0,-26,0,0,1,686,5419,1275,177,770,0.463,0.25,3.93
"San Diego Padres","SD","2017",162,71,91,0,0,-20,0,0,0,604,5356,1251,189,816,0.462,0.25,3.95
"San Diego Padres","SD","2018",162,66,96,0,0,-30,0,0,1,617,5486,1289,162,767,0.461,0.25,3.96
"San Diego Padres","SD","2019",162,70,92,0,0,-22,0,0,0,682,5391,1281,219,789,0.461,0.249,3.97
"San Diego Padres","SD","2020",60,37,23,0,1,14,0,0,0,325,1972,506,95,241,0.462,0.249,3.97
"San Diego Padres","SD","2021",162,79,83,0,0,-4,0,0,0,729,5384,1305,180,708,0.462,0.249,3.97
"San Diego Padres","SD","2022",162,89,73,0,1,16,0,0,1,705,5468,1317,153,660,0.464,0.249,3.97
"San Diego Padres","SD","2023",162,82,80,0,0,2,0,0,0,752,5401,1316,205,648,0.465,0.249,3.96
"San Diego Padres","SD","2024",162,93,69,0,1,24,0,0,0,760,5526,1456,190,669,0.467,0.249,3.96
"San Diego Padres","SD","2025",162,90,72,0,1,18,0,0,0,702,5424,1369,152,621,0.468,0.249,3.96
"San Francisco Giants","SF","2011",162,86,76,0,0,10,0,0,0,570,5486,1327,121,578,0.538,0.264,3.55
"San Francisco Giants","SF","2012",162,94,68,1,1,26,1,1,0,718,5558,1495,103,649,0.538,0.264,3.56
"San Francisco Giants","SF","2013",162,76,86,0,0,-10,0,0,1,632,5562,1446,107,686,0.538,0.264,3.56
"San Francisco Giants","SF","2014",156,88,74,0,1,14,1,1,0,665,5523,1407,132,614,0.538,0.264,3.56
"San Francisco Giants","SF","2015",162,84,78,0,0,6,0,0,1,696,5565,1486,136,627,0.538,0.264,3.56
"San Francisco Giants","SF","2016",162,87,75,0,1,12,0,0,0,715,5565,1437,130,631,0.538,0.264,3.56
"San Francisco Giants","SF","2017",168,64,98,0,0,-34,0,0,0,639,5551,1382,128,776,0.537,0.264,3.56
"San Francisco Giants","SF","2018",162,73,89,0,0,-16,0,0,0,603,5541,1324,133,699,0.536,0.264,3.57
"San Francisco Giants","SF","2019",162,77,85,0,0,-8,0,0,0,678,5579,1332,167,773,0.535,0.264,3.57
"San Francisco Giants","SF","2020",60,29,31,0,0,-2,0,0,0,299,2019,532,81,297,0.535,0.264,3.58
"San Francisco Giants","SF","2021",162,107,55,1,1,52,0,0,0,804,5462,1360,241,594,0.536,0.264,3.57
"San Francisco Giants","SF","2022",162,81,81,0,0,0,0,0,0,716,5392,1261,183,697,0.536,0.263,3.58
"San Francisco Giants","SF","2023",162,79,83,0,0,-4,0,0,0,674,5412,1271,174,719,0.536,0.263,3.58
"San Francisco Giants","SF","2024",162,80,82,0,0,-2,0,0,0,693,5460,1303,177,699,0.535,0.263,3.58
"San Francisco Giants","SF","2025",162,81,81,0,0,0,0,0,0,705,5375,1261,173,684,0.535,0.263,3.59
"Seattle Mariners","SEA","2011",162,67,95,0,0,-28,0,0,0,556,5421,1263,109,675,0.467,0.263,4.4
"Seattle Mariners","SEA","2012",162,75,87,0,0,-12,0,0,0,619,5494,1285,149,651,0.467,0.262,4.38
"Seattle Mariners","SEA","2013",162,71,91,0,0,-20,0,0,0,624,5558,1318,188,754,0.466,0.261,4.37
"Seattle Mariners","SEA","2014",162,87,75,0,0,12,0,0,0,634,5450,1328,136,554,0.468,0.261,4.33
"Seattle Mariners","SEA","2015",162,76,86,0,0,-10,0,0,1,656,5544,1379,198,726,0.468,0.261,4.33
"Seattle Mariners","SEA","2016",162,86,76,0,0,10,0,0,1,768,5583,1446,223,707,0.47,0.26,4.32
"Seattle Mariners","SEA","2017",162,78,84,0,0,-6,0,0,0,750,5551,1436,200,772,0.47,0.26,4.32
"Seattle Mariners","SEA","2018",162,89,73,0,0,16,0,0,0,677,5513,1402,176,711,0.472,0.26,4.32
"Seattle Mariners","SEA","2019",162,68,94,0,0,-26,0,0,1,758,5500,1305,239,893,0.471,0.26,4.33
"Seattle Mariners","SEA","2020",60,27,33,0,0,-6,0,0,0,254,1929,435,60,303,0.47,0.259,4.34
"Seattle Mariners","SEA","2021",162,90,72,0,0,18,0,0,0,697,5355,1209,199,748,0.472,0.259,4.34
"Seattle Mariners","SEA","2022",162,90,72,0,1,18,0,0,0,690,5375,1236,197,623,0.474,0.258,4.32
"Seattle Mariners","SEA","2023",162,88,74,0,0,14,0,0,0,758,5500,1332,210,659,0.476,0.258,4.31
"Seattle Mariners","SEA","2024",162,85,77,0,0,8,0,0,1,676,5330,1195,185,607,0.477,0.257,4.29
"Seattle Mariners","SEA","2025",162,90,72,1,1,18,0,0,1,766,5502,1345,238,694,0.478,0.257,4.28
"St Louis Cardinals","STL","2011",162,90,72,0,1,18,1,1,0,762,5532,1513,162,692,0.518,0.267,3.68
"St Louis Cardinals","STL","2012",162,88,74,0,1,14,0,0,0,765,5622,1526,159,648,0.518,0.267,3.68
"St Louis Cardinals","STL","2013",162,97,65,1,1,32,0,0,0,781,5560,1494,125,600,0.519,0.267,3.67
"St Louis Cardinals","STL","2014",162,91,72,1,1,19,1,0,1,619,5426,1371,105,603,0.519,0.267,3.67
"St Louis Cardinals","STL","2015",162,100,62,1,1,38,0,0,1,647,5484,1386,137,525,0.52,0.267,3.67
"St Louis Cardinals","STL","2016",162,86,76,0,0,10,0,0,0,779,5548,1415,225,712,0.52,0.267,3.67
"St Louis Cardinals","STL","2017",162,82,79,0,0,3,0,0,0,761,5470,1402,196,705,0.52,0.267,3.67
"St Louis Cardinals","STL","2018",162,88,74,0,0,14,0,0,0,759,5498,1369,205,691,0.52,0.266,3.67
"St Louis Cardinals","STL","2019",162,91,71,1,1,20,0,0,1,764,5449,1336,210,662,0.52,0.266,3.67
"St Louis Cardinals","STL","2020",58,30,28,0,1,2,0,0,2,240,1752,410,51,229,0.52,0.266,3.67
"St Louis Cardinals","STL","2021",162,90,72,0,1,18,0,0,0,706,5351,1303,198,672,0.521,0.266,3.68
"St Louis Cardinals","STL","2022",162,93,69,1,1,24,0,0,2,772,5496,1386,197,637,0.521,0.266,3.68
"St Louis Cardinals","STL","2023",162,71,91,0,0,-20,0,0,1,719,5510,1376,209,829,0.52,0.266,3.69
"St Louis Cardinals","STL","2024",162,83,79,0,0,4,0,0,0,672,5507,1363,165,719,0.52,0.266,3.69
"St Louis Cardinals","STL","2025",162,78,84,0,0,-6,0,0,1,689,5433,1331,148,754,0.52,0.266,3.69
"Tampa Bay Rays","TB","2011",162,91,71,0,1,20,0,0,0,707,5436,1324,172,614,0.447,0.26,4.69
"Tampa Bay Rays","TB","2012",162,90,72,0,0,18,0,0,0,697,5398,1293,175,577,0.454,0.259,4.59
"Tampa Bay Rays","TB","2013",163,92,71,0,1,21,0,0,0,700,5538,1421,165,646,0.461,0.258,4.53
"Tampa Bay Rays","TB","2014",162,77,85,0,0,-8,0,0,0,612,5516,1361,117,625,0.462,0.258,4.47
"Tampa Bay Rays","TB","2015",162,80,82,0,0,-2,0,0,0,644,5485,1383,167,642,0.464,0.257,4.43
"Tampa Bay Rays","TB","2016",162,68,94,0,0,-26,0,0,0,672,5481,1333,216,713,0.462,0.257,4.42
"Tampa Bay Rays","TB","2017",162,80,82,0,0,-2,0,0,0,694,5478,1340,228,704,0.463,0.256,4.4
"Tampa Bay Rays","TB","2018",162,90,72,0,0,18,0,0,0,716,5475,1415,150,646,0.468,0.256,4.36
"Tampa Bay Rays","TB","2019",162,96,66,0,1,30,0,0,0,769,5628,1427,217,656,0.473,0.256,4.33
"Tampa Bay Rays","TB","2020",60,40,20,1,1,20,1,0,0,289,1975,470,80,229,0.477,0.256,4.32
"Tampa Bay Rays","TB","2021",162,100,62,1,1,38,0,0,0,857,5507,1336,222,651,0.483,0.255,4.29
"Tampa Bay Rays","TB","2022",162,86,76,0,1,10,0,0,1,666,5412,1294,139,614,0.485,0.255,4.25
"Tampa Bay Rays","TB","2023",162,99,63,0,1,36,0,0,0,860,5511,1432,230,665,0.49,0.255,4.24
"Tampa Bay Rays","TB","2024",162,80,82,0,0,-2,0,0,0,604,5389,1241,147,663,0.49,0.254,4.22
"Tampa Bay Rays","TB","2025",162,77,85,0,0,-8,0,0,0,714,5470,1374,182,683,0.489,0.254,4.21
"Texas Rangers","TEX","2011",162,96,66,1,1,30,1,0,1,855,5659,1599,210,677,0.474,0.26,4.26
"Texas Rangers","TEX","2012",162,93,69,0,1,24,0,0,0,808,5590,1526,200,707,0.476,0.26,4.26
"Texas Rangers","TEX","2013",163,91,72,0,0,19,0,0,0,730,5585,1465,176,636,0.477,0.26,4.24
"Texas Rangers","TEX","2014",162,67,95,0,0,-28,0,0,0,637,5460,1400,111,773,0.476,0.26,4.24
"Texas Rangers","TEX","2015",162,88,74,1,1,14,0,0,0,751,5511,1419,172,733,0.477,0.26,4.24
"Texas Rangers","TEX","2016",162,95,67,1,1,28,0,0,0,765,5525,1446,215,757,0.479,0.26,4.24
"Texas Rangers","TEX","2017",162,78,84,0,0,-6,0,0,1,799,5430,1326,237,816,0.479,0.26,4.25
"Texas Rangers","TEX","2018",162,67,95,0,0,-28,0,0,1,737,5453,1308,194,848,0.478,0.26,4.26
"Texas Rangers","TEX","2019",162,78,84,0,0,-6,0,0,1,810,5540,1374,223,878,0.478,0.259,4.28
"Texas Rangers","TEX","2020",60,22,38,0,0,-16,0,0,0,224,1936,420,62,312,0.477,0.259,4.28
"Texas Rangers","TEX","2021",162,60,102,0,0,-42,0,0,0,625,5405,1254,167,815,0.476,0.259,4.29
"Texas Rangers","TEX","2022",162,68,94,0,0,-26,0,0,1,707,5478,1308,198,743,0.475,0.258,4.29
"Texas Rangers","TEX","2023",162,90,72,0,1,18,1,1,0,881,5595,1470,233,716,0.476,0.258,4.29
"Texas Rangers","TEX","2024",162,78,84,0,0,-6,0,0,1,683,5472,1302,176,738,0.476,0.258,4.29
"Texas Rangers","TEX","2025",162,81,81,0,0,0,0,0,0,684,5443,1275,175,605,0.476,0.258,4.28
"Toronto Blue Jays","TOR","2011",162,81,81,0,0,0,0,0,1,743,5559,1384,186,761,0.497,0.263,4.23
"Toronto Blue Jays","TOR","2012",162,73,89,0,0,-16,0,0,0,716,5487,1346,198,784,0.496,0.263,4.24
"Toronto Blue Jays","TOR","2013",162,74,88,0,0,-14,0,0,0,712,5537,1398,185,756,0.494,0.262,4.23
"Toronto Blue Jays","TOR","2014",162,83,79,0,0,4,0,0,1,723,5550,1435,177,686,0.495,0.262,4.23
"Toronto Blue Jays","TOR","2015",162,93,69,1,1,24,0,0,0,891,5509,1480,232,670,0.497,0.262,4.22
"Toronto Blue Jays","TOR","2016",162,89,73,0,1,16,0,0,0,759,5479,1358,221,666,0.498,0.262,4.2
"Toronto Blue Jays","TOR","2017",162,76,86,0,0,-10,0,0,1,693,5499,1320,222,784,0.498,0.261,4.21
"Toronto Blue Jays","TOR","2018",162,73,89,0,0,-16,0,0,0,709,5477,1336,217,832,0.496,0.261,4.23
"Toronto Blue Jays","TOR","2019",162,67,95,0,0,-28,0,0,1,726,5493,1299,247,828,0.495,0.26,4.24
"Toronto Blue Jays","TOR","2020",60,32,28,0,1,4,0,0,0,302,2023,516,88,312,0.495,0.26,4.24
"Toronto Blue Jays","TOR","2021",162,91,71,0,0,20,0,0,0,846,5476,1455,262,663,0.496,0.261,4.23
"Toronto Blue Jays","TOR","2022",162,92,70,0,1,22,0,0,1,775,5555,1464,200,679,0.498,0.261,4.23
"Toronto Blue Jays","TOR","2023",162,89,73,0,1,16,0,0,1,746,5562,1423,188,671,0.499,0.261,4.22
"Toronto Blue Jays","TOR","2024",162,74,88,0,0,-14,0,0,0,671,5410,1306,156,743,0.498,0.26,4.22
"Toronto Blue Jays","TOR","2025",162,94,68,1,1,26,1,0,1,798,5507,1461,191,721,0.5,0.26,4.22
"Washington Nationals","WSH","2011",161,80,81,0,0,-1,0,0,0,624,5441,1319,154,643,0.475,0.253,3.92
"Washington Nationals","WSH","2012",162,98,64,1,1,34,0,0,0,731,5615,1468,194,594,0.478,0.254,3.91
"Washington Nationals","WSH","2013",162,86,76,0,0,10,0,0,0,656,5436,1365,161,626,0.48,0.253,3.9
"Washington Nationals","WSH","2014",162,96,66,1,1,30,0,0,0,686,5542,1403,152,555,0.482,0.253,3.88
"Washington Nationals","WSH","2015",162,83,79,0,0,4,0,0,2,703,5428,1363,177,635,0.483,0.253,3.87
"Washington Nationals","WSH","2016",162,95,67,1,1,28,0,0,0,763,5490,1403,203,612,0.485,0.253,3.86
"Washington Nationals","WSH","2017",162,97,65,1,1,32,0,0,2,819,5553,1477,215,672,0.487,0.254,3.87
"Washington Nationals","WSH","2018",162,82,80,0,0,2,0,0,1,771,5517,1402,191,682,0.488,0.254,3.87
"Washington Nationals","WSH","2019",162,93,69,0,1,24,1,1,1,873,5512,1460,231,724,0.489,0.254,3.88
"Washington Nationals","WSH","2020",60,26,34,0,0,-8,0,0,1,293,1968,519,66,301,0.489,0.254,3.88
"Washington Nationals","WSH","2021",162,65,97,0,0,-32,0,0,0,724,5385,1388,182,820,0.487,0.254,3.9
"Washington Nationals","WSH","2022",162,55,107,0,0,-52,0,0,0,603,5434,1351,136,855,0.484,0.254,3.92
"Washington Nationals","WSH","2023",162,71,91,0,0,-20,0,0,0,700,5522,1401,151,845,0.484,0.254,3.9
"Washington Nationals","WSH","2024",162,71,91,0,0,-20,0,0,0,660,5374,1306,135,764,0.483,0.254,3.9
"Washington Nationals","WSH","2025",162,66,96,0,0,-30,0,0,0,687,5422,1313,161,899,0.481,0.254,3.97
